<?xml version="1.0" encoding="utf-8"?>
<extension type="component" version="3.4" method="upgrade">
	<name>com_order</name>
	<author>zhang qin</author>
	<creationDate>2017-05-31</creationDate>
	<copyright>(C) 2016 Min-Fo. All rights reserved.</copyright>
	<license></license>
	<authorEmail>183107471@qq.com</authorEmail>
	<authorUrl>www.min-fo.com</authorUrl>
	<version>1.0.0</version>
	<description>COM_order_XML_DESCRIPTION</description>

	<administration>
		<menu img="class:order">COM_order_MENU</menu>

		<files folder="admin">
			<filename>order.php</filename>
			<filename>index.html</filename>
		    <filename>access.xml</filename>
		    <filename>config.xml</filename>
		    <filename>controller.php</filename>
		    <folder>controllers</folder>
		    <folder>helpers</folder>
		    <folder>models</folder>
		    <folder>tables</folder>
		    <folder>views</folder>
		</files>
		<languages folder="admin">
			<language tag="zh-CN">language/zh-CN.com_order.ini</language>
			<language tag="zh-CN">language/zh-CN.com_order.sys.ini</language>
		</languages>
	</administration>
</extension>
